,trans_date_trans_time,cc_num,merchant,category,amt,gender,city,state,zip,lat,long,city_pop,job,dob,merch_lat,merch_long,is_fraud,hour,no_of_misclass
101,2019-01-01 17:19:51,3514897282719543,fraud_Cormier LLC,health_fitness,24.75,M,Farmington,NY,14425,42.958,-77.3083,10717,Cytogeneticist,1952-10-13 00:00:00,42.641638,-76.902462,0,17,1
134,2019-01-01 21:12:01,3585052663373890,fraud_Bahringer Group,health_fitness,106.22,M,West Eaton,NY,13484,42.8546,-75.6605,176,Science writer,1963-12-28 00:00:00,43.33188,-76.48236,0,21,1
138,2019-01-01 21:23:29,180058696935600,fraud_Jerde-Hermann,travel,5.21,M,De Lancey,NY,13752,42.18899999999999,-74.9229,782,Chartered accountant,2000-08-28 00:00:00,43.178184,-75.885184,0,21,1
580,2019-01-06 17:49:40,346208242862904,"fraud_McDermott, Osinski and Morar",home,21.65,F,New York City,NY,10280,40.7105,-74.0163,1577385,"Pharmacist, hospital",1961-05-13 00:00:00,41.314483,-73.757026,0,17,1
622,2019-01-06 23:31:03,5104807169438134,fraud_Hyatt-Blick,travel,5.12,F,Westhampton Beach,NY,11978,40.8295,-72.6473,3255,Financial trader,1978-07-08 00:00:00,41.528181,-73.1822,0,23,1
807,2019-01-08 05:15:39,5104807169438134,"fraud_Lehner, Mosciski and King",misc_net,188.71,F,Westhampton Beach,NY,11978,40.8295,-72.6473,3255,Financial trader,1978-07-08 00:00:00,41.616289,-73.413219,0,5,1
878,2019-01-08 16:57:34,213113028819344,fraud_Kilback Group,food_dining,51.34,F,Camden,NY,13316,43.3392,-75.7543,6460,Building control surveyor,1959-09-27 00:00:00,44.164548,-75.251306,0,16,1
940,2019-01-09 00:32:56,4859525594182537,fraud_Hackett-Lueilwitz,grocery_pos,346.69,F,Downsville,NY,13755,42.0716,-75.0152,1228,"Psychotherapist, child",1990-02-25 00:00:00,41.300248,-74.022048,1,0,1
983,2019-01-09 18:12:16,5104807169438134,fraud_Schimmel-Olson,kids_pets,74.7,F,Westhampton Beach,NY,11978,40.8295,-72.6473,3255,Financial trader,1978-07-08 00:00:00,41.770098,-73.642482,0,18,1
1034,2019-01-10 08:10:53,30407675418785,fraud_Kling Inc,gas_transport,61.04,F,Breesport,NY,14816,42.1939,-76.7361,520,Psychotherapist,1991-10-13 00:00:00,42.037319,-76.841647,0,8,1
1062,2019-01-10 16:34:22,30235268718158,"fraud_O'Reilly, Mohr and Purdy",home,28.48,M,West Harrison,NY,10604,41.0592,-73.7395,11250,Lexicographer,1977-08-16 00:00:00,40.059528,-73.559824,0,16,1
1310,2019-01-13 08:42:19,3585052663373890,fraud_Kris-Padberg,shopping_pos,341.47,M,West Eaton,NY,13484,42.8546,-75.6605,176,Science writer,1963-12-28 00:00:00,43.383916,-76.17889,0,8,1
1575,2019-01-14 23:59:32,30404291151692,fraud_Baumbach Ltd,personal_care,16.9,F,North Tonawanda,NY,14120,43.0498,-78.851,45100,Ambulance person,1993-10-25 00:00:00,42.458614,-78.170272,0,23,1
1593,2019-01-15 04:19:32,3598215285024754,fraud_Cummings Group,grocery_net,78.87,F,Bellmore,NY,11710,40.6729,-73.5365,34496,"Librarian, public",1970-10-21 00:00:00,40.307212,-72.866823,0,4,1
1802,2019-01-17 03:46:47,639023984367,"fraud_Kerluke, Considine and Macejkovic",misc_net,6.68,F,Hannawa Falls,NY,13647,44.6087,-74.9732,69,Chief Executive Officer,1991-06-05 00:00:00,45.198258,-75.390196,0,3,1
2216,2019-01-21 13:31:05,4646845581490336108,fraud_Stark-Koss,home,47.51,F,West Sayville,NY,11796,40.732,-73.1,4056,Film/video editor,1990-06-25 00:00:00,39.77038,-73.170108,0,13,1
2223,2019-01-21 14:09:46,213124978348176,fraud_Yost-Rogahn,personal_care,59.84,M,Belfast,NY,14711,42.32,-78.0943,1766,Mechanical engineer,1962-06-04 00:00:00,42.858405,-79.057249,0,14,1
2243,2019-01-21 16:27:12,3551217896304745,"fraud_Watsica, Haag and Considine",shopping_pos,9.09,F,Tupper Lake,NY,12986,44.232,-74.4905,6120,Chartered loss adjuster,1976-10-09 00:00:00,43.746045,-74.255255,0,16,1
2309,2019-01-22 02:22:50,3559160581764413,fraud_DuBuque LLC,grocery_pos,86.97,M,Saint Bonaventure,NY,14778,42.2701,-78.6847,1453,Toxicologist,1974-02-15 00:00:00,42.159456,-78.93610699999999,0,2,1
2363,2019-01-22 12:55:33,3559160581764413,"fraud_Crist, Jakubowski and Littel",home,91.25,M,Saint Bonaventure,NY,14778,42.2701,-78.6847,1453,Toxicologist,1974-02-15 00:00:00,41.484937,-78.56925799999999,0,12,1
2377,2019-01-22 14:36:59,340951438290556,"fraud_Baumbach, Strosin and Nicolas",shopping_pos,33.96,F,Orangeburg,NY,10962,41.0442,-73.9609,5950,Records manager,1971-07-02 00:00:00,41.322726,-74.49384,0,14,1
2698,2019-01-25 21:21:34,4254074738931278,"fraud_Cronin, Kshlerin and Weber",health_fitness,89.91,M,Allentown,NY,14707,42.0737,-78.0594,239,Radio producer,1956-05-02 00:00:00,41.517818,-78.380935,0,21,1
2966,2019-01-28 00:17:56,213113028819344,fraud_Abshire PLC,entertainment,18.42,F,Camden,NY,13316,43.3392,-75.7543,6460,Building control surveyor,1959-09-27 00:00:00,43.400737,-76.49505400000001,0,0,1
3019,2019-01-28 07:32:42,180040027502291,fraud_Hermann-Gaylord,misc_pos,4.69,F,New York City,NY,10162,40.7699,-73.9511,1577385,Audiological scientist,1957-12-29 00:00:00,40.348579,-73.49396999999999,0,7,1
3056,2019-01-28 14:35:59,4904681492230012,fraud_Jewess LLC,shopping_pos,6.13,F,Cottekill,NY,12419,41.8467,-74.1038,722,Comptroller,1990-10-19 00:00:00,41.913297,-73.196005,0,14,1
3227,2019-01-29 15:06:39,3523898249167098,fraud_Kris-Kertzmann,travel,2.99,M,Bronx,NY,10463,40.8798,-73.9067,1382480,"Therapist, drama",1990-11-09 00:00:00,41.727291,-74.62058499999999,0,15,1
3335,2019-01-30 15:27:57,36721445180895,fraud_Schoen Ltd,kids_pets,45.31,M,Jefferson,NY,12093,42.4999,-74.6117,1666,Diagnostic radiographer,1968-07-01 00:00:00,42.917714,-75.204295,0,15,1
3428,2019-01-31 22:54:55,3523898249167098,fraud_Graham and Sons,health_fitness,17.94,M,Bronx,NY,10463,40.8798,-73.9067,1382480,"Therapist, drama",1990-11-09 00:00:00,40.453811,-73.89671899999999,0,22,1
3538,2019-02-02 02:33:43,4740713119940984,fraud_Hamill-Daugherty,misc_net,8.97,F,Pomona,NY,10970,41.1901,-74.0436,9993,Pensions consultant,1962-10-16 00:00:00,40.527667,-74.111065,0,2,1
3627,2019-02-03 00:38:03,6523180720198790,fraud_Friesen-Stamm,gas_transport,73.65,M,Oakdale,NY,11769,40.7382,-73.1297,9506,"Biochemist, clinical",1953-04-13 00:00:00,40.124692,-73.856726,0,0,1
3640,2019-02-03 03:07:58,3514897282719543,"fraud_Quitzon, Green and Bashirian",shopping_pos,3.24,M,Farmington,NY,14425,42.958,-77.3083,10717,Cytogeneticist,1952-10-13 00:00:00,42.923761,-78.300375,0,3,1
3892,2019-02-04 18:27:14,30407675418785,fraud_Padberg-Sauer,home,85.42,F,Breesport,NY,14816,42.1939,-76.7361,520,Psychotherapist,1991-10-13 00:00:00,41.778306,-76.479461,0,18,1
4301,2019-02-08 15:10:40,371985236239474,fraud_Wilkinson Ltd,entertainment,19.67,M,Oriskany Falls,NY,13425,42.9576,-75.4838,1970,"Programmer, multimedia",1949-06-09 00:00:00,42.280327,-76.241078,0,15,1
4487,2019-02-10 08:56:44,38797410705641,"fraud_Lehner, Mosciski and King",misc_net,106.76,M,Oak Hill,NY,12460,42.4069,-74.1528,277,Glass blower/designer,1971-12-12 00:00:00,42.522051,-74.419315,0,8,1
4879,2019-02-13 12:59:06,30011465039817,fraud_Stiedemann Ltd,food_dining,2.72,F,Chatham,NY,12037,42.3496,-73.5873,4015,Human resources officer,1971-10-14 00:00:00,42.412596,-74.117354,0,12,1
5213,2019-02-17 09:25:51,5104807169438134,"fraud_Towne, Walker and Borer",grocery_net,35.29,F,Westhampton Beach,NY,11978,40.8295,-72.6473,3255,Financial trader,1978-07-08 00:00:00,40.456122,-72.318387,0,9,1
5383,2019-02-18 16:33:20,3567697931646329,fraud_Nienow PLC,entertainment,99.91,M,Hudson,NY,12534,42.247,-73.7552,17867,Travel agency manager,1998-07-29 00:00:00,42.613786,-72.852103,0,16,1
5428,2019-02-18 21:30:09,3567879740649740,fraud_Medhurst Inc,home,249.53,F,Brownville,NY,13615,44.0577,-76.0196,1271,"Producer, radio",1958-08-14 00:00:00,44.005991,-76.915182,0,21,1
5650,2019-02-20 15:01:10,3561963695236764,fraud_Kulas Group,health_fitness,74.91,M,Shelter Island,NY,11964,41.06399999999999,-72.3366,1858,Clinical biochemist,1984-03-03 00:00:00,41.391793,-72.82887099999999,0,15,1
5787,2019-02-22 06:30:20,3551217896304745,fraud_Funk Group,grocery_net,46.8,F,Tupper Lake,NY,12986,44.232,-74.4905,6120,Chartered loss adjuster,1976-10-09 00:00:00,43.557659,-74.25969599999999,0,6,1
6039,2019-02-24 18:24:24,3533012926413100,"fraud_McCullough, Hudson and Schuster",food_dining,63.73,F,Barneveld,NY,13304,43.2237,-75.1612,1684,IT trainer,1994-03-01 00:00:00,43.415873,-75.001354,0,18,1
6497,2019-02-28 08:01:22,3567879740649740,fraud_Kutch LLC,gas_transport,58.65,F,Brownville,NY,13615,44.0577,-76.0196,1271,"Producer, radio",1958-08-14 00:00:00,43.333246,-76.381275,0,8,1
6705,2019-03-01 08:22:47,30407675418785,"fraud_Schaefer, McGlynn and Bosco",gas_transport,58.32,F,Breesport,NY,14816,42.1939,-76.7361,520,Psychotherapist,1991-10-13 00:00:00,42.661093,-76.733284,0,8,1
6843,2019-03-02 10:00:57,2288813824604479,fraud_Auer-Mosciski,grocery_pos,170.62,F,New York City,NY,10039,40.8265,-73.9383,1577385,Herbalist,1981-08-29 00:00:00,41.822856,-73.47278,0,10,1
6959,2019-03-02 21:31:39,30235268718158,"fraud_Becker, Harris and Harvey",personal_care,19.64,M,West Harrison,NY,10604,41.0592,-73.7395,11250,Lexicographer,1977-08-16 00:00:00,40.266636,-72.96990500000001,0,21,1
7010,2019-03-03 05:39:31,4904681492230012,fraud_Prohaska-Murray,gas_transport,77.94,F,Cottekill,NY,12419,41.8467,-74.1038,722,Comptroller,1990-10-19 00:00:00,41.663761,-73.559658,0,5,1
7248,2019-03-04 16:52:31,213161293389774,fraud_Botsford and Sons,home,19.78,F,West Henrietta,NY,14586,43.0397,-77.6871,10256,"Teacher, primary school",1968-06-24 00:00:00,43.830546000000005,-77.705968,0,16,1
7561,2019-03-07 08:09:30,4646845581490336108,fraud_Hintz-Bruen,grocery_net,62.89,F,West Sayville,NY,11796,40.732,-73.1,4056,Film/video editor,1990-06-25 00:00:00,40.80016,-74.052324,0,8,1
7729,2019-03-08 19:06:17,639023984367,fraud_O'Connell-Ullrich,home,31.56,F,Hannawa Falls,NY,13647,44.6087,-74.9732,69,Chief Executive Officer,1991-06-05 00:00:00,45.064204,-74.403889,0,19,1
7736,2019-03-08 19:45:01,2296006538441789,"fraud_Hayes, Marquardt and Dibbert",misc_net,8.64,F,Brooklyn,NY,11217,40.6816,-73.9798,2504700,Medical sales representative,1999-09-01 00:00:00,39.770239,-73.671777,0,19,1
8158,2019-03-11 02:20:44,3551217896304745,fraud_Dickinson-Rempel,misc_pos,143.95,F,Tupper Lake,NY,12986,44.232,-74.4905,6120,Chartered loss adjuster,1976-10-09 00:00:00,43.431222,-75.121049,0,2,1
8360,2019-03-12 08:10:00,213161293389774,fraud_Spinka-Welch,grocery_net,94.73,F,West Henrietta,NY,14586,43.0397,-77.6871,10256,"Teacher, primary school",1968-06-24 00:00:00,43.167121,-77.12946,0,8,1
8664,2019-03-15 00:24:45,3598215285024754,fraud_Kerluke PLC,misc_net,84.57,F,Bellmore,NY,11710,40.6729,-73.5365,34496,"Librarian, public",1970-10-21 00:00:00,39.859451,-74.369063,0,0,1
8667,2019-03-15 01:36:56,30029052116970,"fraud_Lockman, West and Runte",grocery_pos,79.14,M,Falconer,NY,14733,42.1239,-79.1895,3833,Metallurgist,1970-10-09 00:00:00,42.9266,-79.91375,0,1,1
8832,2019-03-16 04:47:18,375237305371366,fraud_Dibbert-Green,entertainment,84.7,M,East Rochester,NY,14445,43.1128,-77.4906,8019,Retail buyer,1928-06-26 00:00:00,42.142689,-76.993154,0,4,1
8871,2019-03-16 10:05:39,342319985983023,fraud_Eichmann-Russel,misc_pos,30.58,M,Margaretville,NY,12455,42.1852,-74.6178,1988,Environmental health practitioner,1978-05-23 00:00:00,42.79306,-74.775532,0,10,1
8896,2019-03-16 13:57:17,342319985983023,fraud_Gleason and Sons,kids_pets,56.22,M,Margaretville,NY,12455,42.1852,-74.6178,1988,Environmental health practitioner,1978-05-23 00:00:00,41.503998,-74.56211400000001,0,13,1
9060,2019-03-17 13:37:56,2288813824604479,fraud_Bernhard-Lesch,food_dining,27.01,F,New York City,NY,10039,40.8265,-73.9383,1577385,Herbalist,1981-08-29 00:00:00,40.310245,-74.78405,0,13,1
9157,2019-03-17 22:56:48,4736845434667908128,fraud_Ullrich Ltd,kids_pets,26.9,F,Altona,NY,12910,44.8816,-73.6408,2148,"Surveyor, land/geomatics",1953-05-23 00:00:00,43.98863,-74.230665,0,22,1
10166,2019-03-25 00:06:11,3551217896304745,fraud_Harber Inc,gas_transport,57.87,F,Tupper Lake,NY,12986,44.232,-74.4905,6120,Chartered loss adjuster,1976-10-09 00:00:00,44.35063,-74.58113,0,0,1
10898,2019-03-30 19:13:57,4740713119940984,fraud_Barton LLC,kids_pets,73.06,F,Pomona,NY,10970,41.1901,-74.0436,9993,Pensions consultant,1962-10-16 00:00:00,41.235276,-73.24983,0,19,1
11079,2019-03-31 19:52:47,371985236239474,fraud_Erdman-Schaden,personal_care,206.06,M,Oriskany Falls,NY,13425,42.9576,-75.4838,1970,"Programmer, multimedia",1949-06-09 00:00:00,43.125398,-76.31552099999999,0,19,1
11309,2019-04-01 23:21:31,2296006538441789,"fraud_Feil, Hilpert and Koss",food_dining,98.47,F,Brooklyn,NY,11217,40.6816,-73.9798,2504700,Medical sales representative,1999-09-01 00:00:00,41.092385,-74.29560699999999,0,23,1
11335,2019-04-02 06:54:26,4646845581490336108,fraud_Murray Ltd,grocery_net,25.92,F,West Sayville,NY,11796,40.732,-73.1,4056,Film/video editor,1990-06-25 00:00:00,40.902326,-72.33273100000001,0,6,1
11415,2019-04-03 02:29:46,3523898249167098,fraud_Friesen-D'Amore,gas_transport,71.65,M,Bronx,NY,10463,40.8798,-73.9067,1382480,"Therapist, drama",1990-11-09 00:00:00,41.633063,-74.772267,0,2,1
11573,2019-04-04 12:03:04,4646845581490336108,fraud_Hammes-Beatty,kids_pets,46.67,F,West Sayville,NY,11796,40.732,-73.1,4056,Film/video editor,1990-06-25 00:00:00,41.246543,-72.477108,0,12,1
11722,2019-04-05 20:22:44,340951438290556,fraud_Dooley Inc,shopping_pos,452.8,F,Orangeburg,NY,10962,41.0442,-73.9609,5950,Records manager,1971-07-02 00:00:00,41.172657,-74.742688,0,20,1
11800,2019-04-06 08:56:37,3598215285024754,"fraud_Lind, Huel and McClure",gas_transport,61.25,F,Bellmore,NY,11710,40.6729,-73.5365,34496,"Librarian, public",1970-10-21 00:00:00,40.436554,-73.394847,0,8,1
11922,2019-04-07 00:30:57,4342532437704183,fraud_Padberg-Welch,grocery_pos,58.59,M,Newark Valley,NY,13811,42.2281,-76.1625,4354,Further education lecturer,1994-02-16 00:00:00,42.76855,-75.17245799999999,0,0,1
12066,2019-04-07 16:21:06,342319985983023,fraud_Kessler Inc,travel,545.8,M,Margaretville,NY,12455,42.1852,-74.6178,1988,Environmental health practitioner,1978-05-23 00:00:00,41.247053,-74.62261099999999,0,16,1
12157,2019-04-08 00:30:28,3523898249167098,fraud_McCullough Group,grocery_net,31.96,M,Bronx,NY,10463,40.8798,-73.9067,1382480,"Therapist, drama",1990-11-09 00:00:00,40.366509,-73.077158,0,0,1
12444,2019-04-09 23:51:44,30235268718158,fraud_Labadie LLC,personal_care,35.71,M,West Harrison,NY,10604,41.0592,-73.7395,11250,Lexicographer,1977-08-16 00:00:00,42.019989,-74.23899899999999,0,23,1
12524,2019-04-10 21:14:24,213124978348176,fraud_Schoen-Quigley,kids_pets,21.5,M,Belfast,NY,14711,42.32,-78.0943,1766,Mechanical engineer,1962-06-04 00:00:00,41.696301,-78.890173,0,21,1
12569,2019-04-11 05:55:12,3598215285024754,fraud_Kutch Group,grocery_net,74.21,F,Bellmore,NY,11710,40.6729,-73.5365,34496,"Librarian, public",1970-10-21 00:00:00,40.16823,-73.11784899999999,0,5,1
13268,2019-04-15 20:11:13,5104807169438134,fraud_Greenholt Ltd,health_fitness,53.73,F,Westhampton Beach,NY,11978,40.8295,-72.6473,3255,Financial trader,1978-07-08 00:00:00,40.007683,-71.698087,0,20,1
13389,2019-04-16 23:51:35,36721445180895,"fraud_Crist, Jakubowski and Littel",home,1.3,M,Jefferson,NY,12093,42.4999,-74.6117,1666,Diagnostic radiographer,1968-07-01 00:00:00,42.9887,-74.894609,0,23,1
13463,2019-04-17 18:30:23,3514897282719543,fraud_Kessler Group,travel,1.62,M,Farmington,NY,14425,42.958,-77.3083,10717,Cytogeneticist,1952-10-13 00:00:00,43.595466,-77.684478,0,18,1
13488,2019-04-17 23:32:50,3585052663373890,fraud_Kub-Heaney,health_fitness,107.31,M,West Eaton,NY,13484,42.8546,-75.6605,176,Science writer,1963-12-28 00:00:00,43.721356,-76.251738,0,23,1
13614,2019-04-18 21:37:59,3533012926413100,fraud_Emmerich-Rau,personal_care,65.74,F,Barneveld,NY,13304,43.2237,-75.1612,1684,IT trainer,1994-03-01 00:00:00,43.508292,-75.419487,0,21,1
13622,2019-04-18 23:11:59,6592861994408652,fraud_Cormier LLC,shopping_net,3.37,F,Cowlesville,NY,14037,42.8112,-78.4481,1166,Colour technologist,1983-06-12 00:00:00,43.103284,-78.458074,0,23,1
13675,2019-04-19 10:33:50,4736845434667908128,"fraud_Stanton, Jakubowski and Baumbach",shopping_net,6.6,F,Altona,NY,12910,44.8816,-73.6408,2148,"Surveyor, land/geomatics",1953-05-23 00:00:00,44.100338,-74.446209,0,10,1
14080,2019-04-21 15:57:14,180017442990269,fraud_Weimann-Lockman,kids_pets,97.5,F,Albany,NY,12222,42.6853,-73.8253,151022,"Designer, textile",1939-06-01 00:00:00,43.395892,-73.502238,0,15,1
14103,2019-04-21 17:33:06,340951438290556,fraud_Mayert Group,shopping_pos,5.53,F,Orangeburg,NY,10962,41.0442,-73.9609,5950,Records manager,1971-07-02 00:00:00,40.581232,-73.025515,0,17,1
14819,2019-04-27 05:37:22,180017442990269,fraud_Harris Inc,gas_transport,78.19,F,Albany,NY,12222,42.6853,-73.8253,151022,"Designer, textile",1939-06-01 00:00:00,42.82759,-74.3642,0,5,1
14854,2019-04-27 10:46:26,340951438290556,fraud_Smith-Stokes,misc_pos,37.64,F,Orangeburg,NY,10962,41.0442,-73.9609,5950,Records manager,1971-07-02 00:00:00,41.829371,-74.39540600000001,0,10,1
14965,2019-04-27 21:57:16,4740713119940984,fraud_Kautzer and Sons,personal_care,4.24,F,Pomona,NY,10970,41.1901,-74.0436,9993,Pensions consultant,1962-10-16 00:00:00,41.144943,-74.470339,0,21,1
15087,2019-04-28 13:00:03,4254074738931278,fraud_Schuppe-Schuppe,food_dining,9.45,M,Allentown,NY,14707,42.0737,-78.0594,239,Radio producer,1956-05-02 00:00:00,41.353576,-78.045446,0,13,1
15232,2019-04-29 04:24:09,3514897282719543,"fraud_Rohan, White and Aufderhar",misc_net,2.85,M,Farmington,NY,14425,42.958,-77.3083,10717,Cytogeneticist,1952-10-13 00:00:00,42.22288,-77.904902,0,4,1
15341,2019-04-29 17:55:28,342319985983023,fraud_Jast and Sons,food_dining,62.94,M,Margaretville,NY,12455,42.1852,-74.6178,1988,Environmental health practitioner,1978-05-23 00:00:00,41.910281,-74.860417,0,17,1
15417,2019-04-30 03:29:30,3514897282719543,"fraud_Schuppe, Nolan and Hoeger",shopping_pos,5.58,M,Farmington,NY,14425,42.958,-77.3083,10717,Cytogeneticist,1952-10-13 00:00:00,42.869327,-76.938469,0,3,1
15661,2019-05-02 11:44:48,6526777409109795,fraud_Bernhard-Lesch,food_dining,44.19,M,South Richmond Hill,NY,11419,40.6868,-73.82300000000001,47211,Site engineer,1937-02-01 00:00:00,40.141162,-74.074927,0,11,1
15742,2019-05-03 04:47:37,342360239917375,fraud_McDermott-Rice,misc_pos,5.79,F,Howes Cave,NY,12092,42.7045,-74.3648,1304,Jewellery designer,1970-06-09 00:00:00,42.83541,-73.94076899999999,0,4,1
15761,2019-05-03 09:36:27,213161293389774,"fraud_Hagenes, Kohler and Hoppe",food_dining,29.93,F,West Henrietta,NY,14586,43.0397,-77.6871,10256,"Teacher, primary school",1968-06-24 00:00:00,42.760252,-77.942578,0,9,1
15806,2019-05-03 21:08:53,3567697931646329,fraud_Hoppe-Parisian,kids_pets,7.55,M,Hudson,NY,12534,42.247,-73.7552,17867,Travel agency manager,1998-07-29 00:00:00,42.727752,-74.44195500000001,0,21,1
15883,2019-05-04 09:21:20,4342532437704183,fraud_Heidenreich PLC,grocery_pos,39.55,M,Newark Valley,NY,13811,42.2281,-76.1625,4354,Further education lecturer,1994-02-16 00:00:00,43.073754,-75.246899,0,9,1
16110,2019-05-05 14:02:23,213113028819344,"fraud_Walter, Hettinger and Kessler",personal_care,17.84,F,Camden,NY,13316,43.3392,-75.7543,6460,Building control surveyor,1959-09-27 00:00:00,43.427361,-75.889471,0,14,1
16459,2019-05-07 13:27:24,3585052663373890,fraud_Osinski Inc,personal_care,3.86,M,West Eaton,NY,13484,42.8546,-75.6605,176,Science writer,1963-12-28 00:00:00,42.937123,-76.368099,0,13,1
16952,2019-05-11 09:43:05,639023984367,fraud_Harris Inc,gas_transport,60.85,F,Hannawa Falls,NY,13647,44.6087,-74.9732,69,Chief Executive Officer,1991-06-05 00:00:00,44.444894,-75.374229,0,9,1
16963,2019-05-11 11:47:57,4169388510116,fraud_McDermott-Rice,misc_pos,8.99,F,Port Gibson,NY,14537,43.033,-77.1575,207,Database administrator,1962-09-27 00:00:00,42.450739,-77.934554,0,11,1
16993,2019-05-11 14:50:40,3559160581764413,fraud_Johnston-Casper,travel,474.08,M,Saint Bonaventure,NY,14778,42.2701,-78.6847,1453,Toxicologist,1974-02-15 00:00:00,42.014723,-78.423652,0,14,1
17163,2019-05-12 12:51:47,2296006538441789,"fraud_Towne, Greenholt and Koepp",shopping_net,3.37,F,Brooklyn,NY,11217,40.6816,-73.9798,2504700,Medical sales representative,1999-09-01 00:00:00,40.445762,-74.049693,0,12,1
17612,2019-05-15 10:44:21,213113028819344,fraud_Wolf Inc,grocery_pos,66.02,F,Camden,NY,13316,43.3392,-75.7543,6460,Building control surveyor,1959-09-27 00:00:00,42.507785,-75.723508,0,10,1
17681,2019-05-15 22:02:03,3598215285024754,fraud_Heaney-Marquardt,entertainment,219.42,F,Bellmore,NY,11710,40.6729,-73.5365,34496,"Librarian, public",1970-10-21 00:00:00,39.966205,-72.71312900000001,0,22,1
17933,2019-05-18 03:40:25,38797410705641,fraud_Barton Inc,grocery_pos,95.41,M,Oak Hill,NY,12460,42.4069,-74.1528,277,Glass blower/designer,1971-12-12 00:00:00,43.379505,-73.65784000000001,0,3,1
17994,2019-05-18 12:34:22,3567697931646329,fraud_Nolan-Williamson,kids_pets,8.29,M,Hudson,NY,12534,42.247,-73.7552,17867,Travel agency manager,1998-07-29 00:00:00,41.607727,-73.12031999999999,0,12,1
18005,2019-05-18 13:30:34,3559160581764413,fraud_Morissette-Schaefer,personal_care,74.39,M,Saint Bonaventure,NY,14778,42.2701,-78.6847,1453,Toxicologist,1974-02-15 00:00:00,42.243834,-78.669288,0,13,1
18022,2019-05-18 16:03:49,4342532437704183,fraud_Bechtelar-Rippin,food_dining,20.33,M,Newark Valley,NY,13811,42.2281,-76.1625,4354,Further education lecturer,1994-02-16 00:00:00,42.642099,-75.95644200000001,0,16,1
18080,2019-05-18 22:25:27,4740713119940984,fraud_Daugherty-Thompson,food_dining,104.01,F,Pomona,NY,10970,41.1901,-74.0436,9993,Pensions consultant,1962-10-16 00:00:00,40.258454,-74.580751,0,22,1
18116,2019-05-19 03:37:34,2288813824604479,fraud_Bednar Group,misc_net,4.93,F,New York City,NY,10039,40.8265,-73.9383,1577385,Herbalist,1981-08-29 00:00:00,40.708486,-74.743935,0,3,1
18342,2019-05-20 03:11:52,2269768987945882,"fraud_Connelly, Reichert and Fritsch",gas_transport,57.58,F,Mount Morris,NY,14510,42.6835,-77.8664,4895,Acupuncturist,1958-10-29 00:00:00,42.467434,-77.389815,0,3,1
18895,2019-05-24 06:04:01,4859525594182537,"fraud_Greenholt, Jacobi and Gleason",gas_transport,64.3,F,Downsville,NY,13755,42.0716,-75.0152,1228,"Psychotherapist, child",1990-02-25 00:00:00,41.80372,-75.798688,0,6,1
18943,2019-05-24 16:20:31,3551217896304745,fraud_Kuphal-Toy,food_dining,102.3,F,Tupper Lake,NY,12986,44.232,-74.4905,6120,Chartered loss adjuster,1976-10-09 00:00:00,43.741299,-74.749935,0,16,1
19094,2019-05-25 13:03:39,4904681492230012,"fraud_Wuckert, Wintheiser and Friesen",home,71.05,F,Cottekill,NY,12419,41.8467,-74.1038,722,Comptroller,1990-10-19 00:00:00,42.77526,-74.534448,0,13,1
19100,2019-05-25 13:35:00,2288813824604479,fraud_Hills-Witting,shopping_net,35.08,F,New York City,NY,10039,40.8265,-73.9383,1577385,Herbalist,1981-08-29 00:00:00,40.628399,-73.001111,0,13,1
19138,2019-05-25 17:15:38,3561963695236764,fraud_Lynch-Mohr,travel,496.5,M,Shelter Island,NY,11964,41.06399999999999,-72.3366,1858,Clinical biochemist,1984-03-03 00:00:00,41.294466,-71.680389,0,17,1
19177,2019-05-25 20:26:29,3567879740649740,"fraud_Dare, Fritsch and Zboncak",health_fitness,72.5,F,Brownville,NY,13615,44.0577,-76.0196,1271,"Producer, radio",1958-08-14 00:00:00,44.064611,-76.659109,0,20,1
19986,2019-05-30 02:34:05,340951438290556,fraud_Runolfsson and Sons,grocery_net,60.69,F,Orangeburg,NY,10962,41.0442,-73.9609,5950,Records manager,1971-07-02 00:00:00,41.63273,-74.217903,0,2,1
20002,2019-05-30 06:13:32,374821819075109,"fraud_Schneider, Hayes and Nikolaus",food_dining,68.71,M,Palmyra,NY,14522,43.0622,-77.2218,9565,Exhibition designer,1927-12-11 00:00:00,42.442855,-77.990634,0,6,1
20244,2019-05-31 21:43:25,502012776709,fraud_Berge-Hills,kids_pets,2.33,F,Garrattsville,NY,13342,42.6315,-75.1866,165,Naval architect,1945-09-20 00:00:00,41.92447,-75.93791800000001,0,21,1
20761,2019-06-03 07:49:59,372382441451095,"fraud_Tillman, Fritsch and Schmitt",misc_net,97.88,M,Port Ewen,NY,12466,41.8948,-73.9767,2471,Heritage manager,1966-01-21 00:00:00,41.54044,-74.671587,0,7,1
20787,2019-06-03 10:38:52,4859525594182537,"fraud_Bernier, Streich and Jewess",grocery_net,33.21,F,Downsville,NY,13755,42.0716,-75.0152,1228,"Psychotherapist, child",1990-02-25 00:00:00,41.99336,-74.13069899999999,0,10,1
20831,2019-06-03 14:37:47,639023984367,fraud_Christiansen-Gusikowski,misc_pos,5.54,F,Hannawa Falls,NY,13647,44.6087,-74.9732,69,Chief Executive Officer,1991-06-05 00:00:00,44.559059000000005,-74.908759,0,14,1
20928,2019-06-03 21:50:41,3598215285024754,"fraud_Lowe, Dietrich and Erdman",kids_pets,11.34,F,Bellmore,NY,11710,40.6729,-73.5365,34496,"Librarian, public",1970-10-21 00:00:00,40.405278,-73.593423,0,21,1
21287,2019-06-06 08:47:59,580954173374,fraud_Lind-Buckridge,entertainment,80.48,F,Montrose,NY,10548,41.2496,-73.9446,3487,Race relations officer,1960-01-13 00:00:00,40.774549,-74.616845,0,8,1
21648,2019-06-08 09:34:22,3559679414981506,"fraud_Tillman, Fritsch and Schmitt",misc_net,77.05,F,Lowville,NY,13367,43.7893,-75.4156,8830,Theme park manager,1991-03-29 00:00:00,44.192075,-75.697796,0,9,1
22181,2019-06-10 17:32:55,3533012926413100,"fraud_Hyatt, Russel and Gleichner",health_fitness,21.29,F,Barneveld,NY,13304,43.2237,-75.1612,1684,IT trainer,1994-03-01 00:00:00,44.036871000000005,-76.122961,0,17,1
22188,2019-06-10 18:12:18,30029052116970,"fraud_Medhurst, Cartwright and Ebert",personal_care,115.64,M,Falconer,NY,14733,42.1239,-79.1895,3833,Metallurgist,1970-10-09 00:00:00,42.879662,-79.512322,0,18,1
22242,2019-06-10 22:28:01,3523898249167098,"fraud_Reinger, Weissnat and Strosin",food_dining,19.61,M,Bronx,NY,10463,40.8798,-73.9067,1382480,"Therapist, drama",1990-11-09 00:00:00,41.68078,-73.177134,0,22,1
22339,2019-06-11 15:50:31,3598215285024754,"fraud_Schmeler, Bashirian and Price",shopping_net,20.0,F,Bellmore,NY,11710,40.6729,-73.5365,34496,"Librarian, public",1970-10-21 00:00:00,41.316424,-74.10736800000001,0,15,1
22985,2019-06-15 19:40:55,213124978348176,"fraud_Hauck, Dietrich and Funk",kids_pets,53.12,M,Belfast,NY,14711,42.32,-78.0943,1766,Mechanical engineer,1962-06-04 00:00:00,41.821402,-77.689104,0,19,1
23033,2019-06-16 01:14:21,3567697931646329,fraud_Bins-Rice,gas_transport,46.99,M,Hudson,NY,12534,42.247,-73.7552,17867,Travel agency manager,1998-07-29 00:00:00,43.203687,-74.71749,0,1,1
23063,2019-06-16 03:53:47,30011465039817,fraud_Sporer Inc,gas_transport,56.54,F,Chatham,NY,12037,42.3496,-73.5873,4015,Human resources officer,1971-10-14 00:00:00,41.602708,-72.75223100000001,0,3,1
23262,2019-06-16 22:06:17,4736845434667908128,fraud_Frami Group,entertainment,144.85,F,Altona,NY,12910,44.8816,-73.6408,2148,"Surveyor, land/geomatics",1953-05-23 00:00:00,44.571822,-73.905353,0,22,1
23648,2019-06-18 18:55:43,2296006538441789,fraud_Yost-Rogahn,personal_care,160.61,F,Brooklyn,NY,11217,40.6816,-73.9798,2504700,Medical sales representative,1999-09-01 00:00:00,40.087323,-73.45173199999999,0,18,1
24094,2019-06-22 01:03:32,375237305371366,fraud_Huels-Nolan,gas_transport,62.73,M,East Rochester,NY,14445,43.1128,-77.4906,8019,Retail buyer,1928-06-26 00:00:00,42.394641,-77.878012,0,1,1
24462,2019-06-23 19:14:04,4789911625179723,"fraud_Cole, Hills and Jewess",home,154.35,F,Moriches,NY,11955,40.8095,-72.8229,3285,"Research officer, trade union",1988-04-27 00:00:00,40.919358,-72.02694699999999,0,19,1
24830,2019-06-25 12:33:29,3523898249167098,fraud_Champlin and Sons,home,32.48,M,Bronx,NY,10463,40.8798,-73.9067,1382480,"Therapist, drama",1990-11-09 00:00:00,41.408863,-74.565522,0,12,1
25098,2019-06-27 13:54:04,4988304376504,fraud_Champlin and Sons,home,166.69,M,Rock Tavern,NY,12575,41.4575,-74.1659,2258,Building surveyor,1937-03-17 00:00:00,41.815513,-73.28195,0,13,1
25358,2019-06-29 05:08:39,180017442990269,fraud_Howe PLC,entertainment,2.71,F,Albany,NY,12222,42.6853,-73.8253,151022,"Designer, textile",1939-06-01 00:00:00,41.931359,-74.038935,0,5,1
25599,2019-06-30 06:24:29,180058696935600,fraud_Mraz-Herzog,gas_transport,48.45,M,De Lancey,NY,13752,42.18899999999999,-74.9229,782,Chartered accountant,2000-08-28 00:00:00,43.187393,-75.406318,0,6,1
25845,2019-07-01 05:30:50,502012776709,"fraud_Casper, Hand and Zulauf",grocery_pos,117.41,F,Garrattsville,NY,13342,42.6315,-75.1866,165,Naval architect,1945-09-20 00:00:00,42.22771,-75.055424,0,5,1
25884,2019-07-01 10:25:56,30011465039817,fraud_Halvorson Group,misc_pos,105.57,F,Chatham,NY,12037,42.3496,-73.5873,4015,Human resources officer,1971-10-14 00:00:00,42.800433,-73.788527,0,10,1
26333,2019-07-04 05:07:43,3551217896304745,fraud_Bruen-Yost,misc_pos,45.89,F,Tupper Lake,NY,12986,44.232,-74.4905,6120,Chartered loss adjuster,1976-10-09 00:00:00,44.908702000000005,-73.938461,0,5,1
26944,2019-07-07 09:20:21,3529597930342630,fraud_Trantow PLC,grocery_net,48.42,F,Jordanville,NY,13361,42.8948,-74.8209,824,Travel agency manager,1985-09-01 00:00:00,42.574587,-74.74074300000001,0,9,1
27021,2019-07-07 15:50:00,36721445180895,fraud_Lind-Buckridge,entertainment,50.9,M,Jefferson,NY,12093,42.4999,-74.6117,1666,Diagnostic radiographer,1968-07-01 00:00:00,42.631817,-74.928475,0,15,1
27128,2019-07-08 00:41:56,213161293389774,fraud_McCullough LLC,misc_pos,18.45,F,West Henrietta,NY,14586,43.0397,-77.6871,10256,"Teacher, primary school",1968-06-24 00:00:00,43.16949,-77.069064,0,0,1
27409,2019-07-09 10:23:38,3533012926413100,fraud_Goodwin-Nitzsche,grocery_pos,75.17,F,Barneveld,NY,13304,43.2237,-75.1612,1684,IT trainer,1994-03-01 00:00:00,43.856472,-75.887052,0,10,1
27425,2019-07-09 13:50:37,3598215285024754,fraud_Lynch Ltd,shopping_pos,11.53,F,Bellmore,NY,11710,40.6729,-73.5365,34496,"Librarian, public",1970-10-21 00:00:00,40.611369,-74.157389,0,13,1
27456,2019-07-09 21:13:22,4859525594182537,fraud_Denesik and Sons,shopping_pos,6.11,F,Downsville,NY,13755,42.0716,-75.0152,1228,"Psychotherapist, child",1990-02-25 00:00:00,41.950406,-74.14405500000001,0,21,1
27510,2019-07-10 05:56:04,3514897282719543,"fraud_Feil, Hilpert and Koss",food_dining,58.78,M,Farmington,NY,14425,42.958,-77.3083,10717,Cytogeneticist,1952-10-13 00:00:00,43.391465,-76.697505,0,5,1
27655,2019-07-11 08:28:10,502012776709,"fraud_Casper, Hand and Zulauf",grocery_pos,136.88,F,Garrattsville,NY,13342,42.6315,-75.1866,165,Naval architect,1945-09-20 00:00:00,42.356177,-74.49035699999999,0,8,1
28148,2019-07-14 01:21:26,3598215285024754,fraud_Padberg-Welch,grocery_pos,249.76,F,Bellmore,NY,11710,40.6729,-73.5365,34496,"Librarian, public",1970-10-21 00:00:00,40.173738,-73.396293,0,1,1
28323,2019-07-14 19:29:08,30235268718158,fraud_Deckow-Dare,food_dining,5.62,M,West Harrison,NY,10604,41.0592,-73.7395,11250,Lexicographer,1977-08-16 00:00:00,40.689046000000005,-74.04032,0,19,1
28488,2019-07-15 10:43:51,30407675418785,"fraud_Streich, Hansen and Veum",gas_transport,52.99,F,Breesport,NY,14816,42.1939,-76.7361,520,Psychotherapist,1991-10-13 00:00:00,42.491782,-76.337576,0,10,1
28587,2019-07-15 18:28:36,502012776709,fraud_Goldner-Lemke,entertainment,8.35,F,Garrattsville,NY,13342,42.6315,-75.1866,165,Naval architect,1945-09-20 00:00:00,42.308169,-75.902139,0,18,1
28622,2019-07-15 22:11:05,3551217896304745,"fraud_Bahringer, Bergnaum and Quitzon",home,13.59,F,Tupper Lake,NY,12986,44.232,-74.4905,6120,Chartered loss adjuster,1976-10-09 00:00:00,44.356147,-74.36375699999999,0,22,1
29120,2019-07-19 14:45:04,374821819075109,fraud_Lubowitz-Walter,kids_pets,43.68,M,Palmyra,NY,14522,43.0622,-77.2218,9565,Exhibition designer,1927-12-11 00:00:00,43.727298,-77.88074399999999,0,14,1
29301,2019-07-20 14:25:59,213113028819344,fraud_Cormier LLC,health_fitness,12.0,F,Camden,NY,13316,43.3392,-75.7543,6460,Building control surveyor,1959-09-27 00:00:00,42.744677,-76.481716,0,14,1
29325,2019-07-20 16:30:23,4988304376504,"fraud_Streich, Rolfson and Wilderman",kids_pets,188.76,M,Rock Tavern,NY,12575,41.4575,-74.1659,2258,Building surveyor,1937-03-17 00:00:00,41.818078,-75.091711,0,16,1
29496,2019-07-21 11:13:44,3598215285024754,fraud_Dickinson Ltd,misc_pos,557.65,F,Bellmore,NY,11710,40.6729,-73.5365,34496,"Librarian, public",1970-10-21 00:00:00,40.779115,-73.83570999999999,0,11,1
29960,2019-07-23 17:53:08,3567879740649740,fraud_Hamill-D'Amore,health_fitness,82.6,F,Brownville,NY,13615,44.0577,-76.0196,1271,"Producer, radio",1958-08-14 00:00:00,44.182516,-75.650657,0,17,1
29987,2019-07-23 20:45:44,2296006538441789,fraud_Boyer PLC,shopping_net,8.06,F,Brooklyn,NY,11217,40.6816,-73.9798,2504700,Medical sales representative,1999-09-01 00:00:00,41.614256,-74.709239,0,20,1
30004,2019-07-24 00:57:52,4169388510116,fraud_Dach-Nader,misc_net,1.1,F,Port Gibson,NY,14537,43.033,-77.1575,207,Database administrator,1962-09-27 00:00:00,43.704842,-76.582043,0,0,1
30019,2019-07-24 03:21:16,580954173374,fraud_Jast-McDermott,shopping_pos,4.57,F,Montrose,NY,10548,41.2496,-73.9446,3487,Race relations officer,1960-01-13 00:00:00,40.712979,-74.838309,0,3,1
30260,2019-07-25 19:24:50,2288813824604479,"fraud_Brown, Homenick and Lesch",health_fitness,5.22,F,New York City,NY,10039,40.8265,-73.9383,1577385,Herbalist,1981-08-29 00:00:00,40.376844,-74.120652,0,19,1
30423,2019-07-26 21:06:28,3598215285024754,fraud_Langworth LLC,personal_care,31.5,F,Bellmore,NY,11710,40.6729,-73.5365,34496,"Librarian, public",1970-10-21 00:00:00,40.236712,-74.063634,0,21,1
30853,2019-07-28 19:02:08,3598215285024754,"fraud_Lowe, Dietrich and Erdman",kids_pets,105.87,F,Bellmore,NY,11710,40.6729,-73.5365,34496,"Librarian, public",1970-10-21 00:00:00,41.249604,-73.58714599999999,0,19,1
31014,2019-07-29 10:56:11,3561963695236764,fraud_Kling Inc,gas_transport,68.93,M,Shelter Island,NY,11964,41.06399999999999,-72.3366,1858,Clinical biochemist,1984-03-03 00:00:00,41.28957,-72.28144,0,10,1
31289,2019-07-30 21:10:47,5104807169438134,fraud_Pagac LLC,shopping_pos,27.09,F,Westhampton Beach,NY,11978,40.8295,-72.6473,3255,Financial trader,1978-07-08 00:00:00,41.039851,-72.06711800000001,0,21,1
31535,2019-08-01 18:20:26,5104807169438134,fraud_Daugherty-Thompson,food_dining,35.89,F,Westhampton Beach,NY,11978,40.8295,-72.6473,3255,Financial trader,1978-07-08 00:00:00,40.994335,-71.729136,0,18,1
31665,2019-08-02 16:09:22,30042378430132,"fraud_Labadie, Treutel and Bode",shopping_net,4.82,M,Northport,NY,11768,40.9051,-73.3309,21902,Tour manager,1976-05-16 00:00:00,41.749444,-72.94421700000001,0,16,1
31812,2019-08-03 11:58:07,4646845581490336108,fraud_Bins-Rice,gas_transport,42.22,F,West Sayville,NY,11796,40.732,-73.1,4056,Film/video editor,1990-06-25 00:00:00,40.284882,-72.29938100000001,0,11,1
31994,2019-08-04 05:24:35,30407675418785,"fraud_Connelly, Reichert and Fritsch",gas_transport,56.86,F,Breesport,NY,14816,42.1939,-76.7361,520,Psychotherapist,1991-10-13 00:00:00,42.347145000000005,-75.93974200000001,0,5,1
32008,2019-08-04 06:41:18,3561963695236764,"fraud_Nienow, Ankunding and Collier",misc_pos,42.51,M,Shelter Island,NY,11964,41.06399999999999,-72.3366,1858,Clinical biochemist,1984-03-03 00:00:00,41.627811,-72.17320600000001,0,6,1
32087,2019-08-04 14:34:15,180040027502291,fraud_Romaguera Ltd,health_fitness,95.08,F,New York City,NY,10162,40.7699,-73.9511,1577385,Audiological scientist,1957-12-29 00:00:00,40.555306,-73.600135,0,14,1
32342,2019-08-05 14:56:38,30407675418785,fraud_O'Keefe-Wisoky,food_dining,14.79,F,Breesport,NY,14816,42.1939,-76.7361,520,Psychotherapist,1991-10-13 00:00:00,42.120688,-77.261915,0,14,1
32447,2019-08-06 01:35:30,374821819075109,fraud_Koepp-Witting,grocery_pos,74.1,M,Palmyra,NY,14522,43.0622,-77.2218,9565,Exhibition designer,1927-12-11 00:00:00,43.802334,-77.26678000000001,0,1,1
32457,2019-08-06 04:31:01,2269768987945882,fraud_McDermott-Rice,misc_pos,1.14,F,Mount Morris,NY,14510,42.6835,-77.8664,4895,Acupuncturist,1958-10-29 00:00:00,42.664482,-77.208483,0,4,1
32603,2019-08-07 06:18:07,340951438290556,"fraud_Bernier, Streich and Jewess",grocery_net,67.93,F,Orangeburg,NY,10962,41.0442,-73.9609,5950,Records manager,1971-07-02 00:00:00,41.211729,-74.527947,0,6,1
32952,2019-08-09 13:43:27,3567879740649740,fraud_Monahan-Morar,personal_care,31.07,F,Brownville,NY,13615,44.0577,-76.0196,1271,"Producer, radio",1958-08-14 00:00:00,44.086087,-75.466329,0,13,1
33038,2019-08-10 01:42:24,502012776709,"fraud_Rodriguez, Yost and Jenkins",misc_net,2.72,F,Garrattsville,NY,13342,42.6315,-75.1866,165,Naval architect,1945-09-20 00:00:00,42.315831,-74.488469,0,1,1
33240,2019-08-10 23:21:22,4254074738931278,"fraud_Prosacco, Kreiger and Kovacek",home,45.98,M,Allentown,NY,14707,42.0737,-78.0594,239,Radio producer,1956-05-02 00:00:00,41.265084,-77.517673,0,23,1
33253,2019-08-11 00:57:23,3567879740649740,fraud_Block-Parisian,misc_net,125.05,F,Brownville,NY,13615,44.0577,-76.0196,1271,"Producer, radio",1958-08-14 00:00:00,44.539091,-75.661275,0,0,1
33355,2019-08-11 11:02:37,3514897282719543,fraud_Morar Inc,grocery_net,62.19,M,Farmington,NY,14425,42.958,-77.3083,10717,Cytogeneticist,1952-10-13 00:00:00,42.052298,-77.351467,0,11,1
33835,2019-08-13 18:45:05,3529597930342630,"fraud_Schumm, McLaughlin and Carter",food_dining,74.58,F,Jordanville,NY,13361,42.8948,-74.8209,824,Travel agency manager,1985-09-01 00:00:00,43.74296,-75.35275899999999,0,18,1
33894,2019-08-14 07:17:08,4254074738931278,"fraud_Olson, Becker and Koch",gas_transport,38.61,M,Allentown,NY,14707,42.0737,-78.0594,239,Radio producer,1956-05-02 00:00:00,41.549341,-77.53836700000001,0,7,1
33984,2019-08-14 23:34:00,4904681492230012,"fraud_McCullough, Hudson and Schuster",food_dining,8.8,F,Cottekill,NY,12419,41.8467,-74.1038,722,Comptroller,1990-10-19 00:00:00,42.712888,-73.884467,0,23,1
34390,2019-08-17 16:37:07,4736845434667908128,"fraud_Romaguera, Wehner and Tromp",kids_pets,29.48,F,Altona,NY,12910,44.8816,-73.6408,2148,"Surveyor, land/geomatics",1953-05-23 00:00:00,44.406769,-74.25065500000001,0,16,1
34502,2019-08-18 01:57:15,4736845434667908128,fraud_Lebsack and Sons,misc_net,3.98,F,Altona,NY,12910,44.8816,-73.6408,2148,"Surveyor, land/geomatics",1953-05-23 00:00:00,45.283424,-74.34732,0,1,1
34551,2019-08-18 07:22:22,340951438290556,"fraud_Huel, Hammes and Witting",grocery_pos,166.57,F,Orangeburg,NY,10962,41.0442,-73.9609,5950,Records manager,1971-07-02 00:00:00,40.890167,-74.532537,0,7,1
34604,2019-08-18 13:24:40,3533012926413100,fraud_Jakubowski Inc,home,44.38,F,Barneveld,NY,13304,43.2237,-75.1612,1684,IT trainer,1994-03-01 00:00:00,42.725943,-75.752544,0,13,1
34650,2019-08-18 17:39:24,4169388510116,fraud_Jacobi Inc,health_fitness,90.62,F,Port Gibson,NY,14537,43.033,-77.1575,207,Database administrator,1962-09-27 00:00:00,42.221947,-76.896986,0,17,1
34655,2019-08-18 17:59:17,346208242862904,fraud_Cartwright PLC,kids_pets,77.05,F,New York City,NY,10280,40.7105,-74.0163,1577385,"Pharmacist, hospital",1961-05-13 00:00:00,40.903483,-73.524158,0,17,1
34727,2019-08-18 23:13:16,4736845434667908128,"fraud_Pouros, Walker and Spencer",kids_pets,4.91,F,Altona,NY,12910,44.8816,-73.6408,2148,"Surveyor, land/geomatics",1953-05-23 00:00:00,45.813609,-73.203002,0,23,1
34802,2019-08-19 08:16:53,4740713119940984,fraud_Jakubowski Group,food_dining,80.14,F,Pomona,NY,10970,41.1901,-74.0436,9993,Pensions consultant,1962-10-16 00:00:00,40.565039,-73.601061,0,8,1
34992,2019-08-20 09:22:20,639023984367,fraud_McDermott-Weimann,grocery_pos,115.11,F,Hannawa Falls,NY,13647,44.6087,-74.9732,69,Chief Executive Officer,1991-06-05 00:00:00,44.718127,-74.792511,0,9,1
35085,2019-08-21 02:39:13,3567879740649740,"fraud_Kutch, Hermiston and Farrell",gas_transport,65.78,F,Brownville,NY,13615,44.0577,-76.0196,1271,"Producer, radio",1958-08-14 00:00:00,43.830061,-75.859935,0,2,1
35099,2019-08-21 05:30:17,3567879740649740,fraud_Kuhn LLC,shopping_pos,8.71,F,Brownville,NY,13615,44.0577,-76.0196,1271,"Producer, radio",1958-08-14 00:00:00,43.817049,-76.130718,0,5,1
35233,2019-08-22 05:12:22,213113028819344,fraud_Runte-Mohr,food_dining,57.28,F,Camden,NY,13316,43.3392,-75.7543,6460,Building control surveyor,1959-09-27 00:00:00,42.908287,-74.858362,0,5,1
35330,2019-08-22 20:31:40,30011465039817,"fraud_Bernhard, Grant and Langworth",shopping_pos,114.63,F,Chatham,NY,12037,42.3496,-73.5873,4015,Human resources officer,1971-10-14 00:00:00,43.338947,-74.258522,0,20,1
35333,2019-08-22 21:22:09,38797410705641,fraud_Bahringer-Streich,food_dining,66.94,M,Oak Hill,NY,12460,42.4069,-74.1528,277,Glass blower/designer,1971-12-12 00:00:00,41.679607,-74.21696899999999,0,21,1
35369,2019-08-23 03:43:18,3559160581764413,fraud_Koepp-Parker,grocery_pos,98.02,M,Saint Bonaventure,NY,14778,42.2701,-78.6847,1453,Toxicologist,1974-02-15 00:00:00,42.886694,-78.237476,0,3,1
35614,2019-08-24 14:58:34,180017442990269,fraud_Eichmann-Kilback,home,52.49,F,Albany,NY,12222,42.6853,-73.8253,151022,"Designer, textile",1939-06-01 00:00:00,43.562453000000005,-72.999946,0,14,1
36062,2019-08-26 10:21:41,372382441451095,fraud_Kutch LLC,gas_transport,72.23,M,Port Ewen,NY,12466,41.8948,-73.9767,2471,Heritage manager,1966-01-21 00:00:00,41.245376,-73.090162,0,10,1
36110,2019-08-26 15:00:36,4342532437704183,fraud_Bednar PLC,kids_pets,22.06,M,Newark Valley,NY,13811,42.2281,-76.1625,4354,Further education lecturer,1994-02-16 00:00:00,42.83296,-75.41122,0,15,1
36855,2019-08-31 12:34:25,372382441451095,"fraud_Konopelski, Schneider and Hartmann",food_dining,28.55,M,Port Ewen,NY,12466,41.8948,-73.9767,2471,Heritage manager,1966-01-21 00:00:00,41.57537,-74.59980999999999,0,12,1
36885,2019-08-31 15:40:25,4736845434667908128,fraud_Botsford and Sons,home,78.08,F,Altona,NY,12910,44.8816,-73.6408,2148,"Surveyor, land/geomatics",1953-05-23 00:00:00,45.696704,-74.313841,0,15,1
36933,2019-08-31 20:10:21,6592861994408652,"fraud_Baumbach, Hodkiewicz and Walsh",shopping_pos,4.08,F,Cowlesville,NY,14037,42.8112,-78.4481,1166,Colour technologist,1983-06-12 00:00:00,43.339694,-77.974913,0,20,1
36945,2019-08-31 21:12:22,2288813824604479,fraud_Schumm PLC,health_fitness,9.65,F,New York City,NY,10039,40.8265,-73.9383,1577385,Herbalist,1981-08-29 00:00:00,40.898819,-73.81895300000001,0,21,1
37021,2019-09-01 04:27:38,213161293389774,fraud_Kuhn LLC,shopping_pos,118.07,F,West Henrietta,NY,14586,43.0397,-77.6871,10256,"Teacher, primary school",1968-06-24 00:00:00,42.099124,-77.56173100000001,0,4,1
37938,2019-09-07 06:02:38,4646845581490336108,fraud_Hills-Olson,grocery_net,84.73,F,West Sayville,NY,11796,40.732,-73.1,4056,Film/video editor,1990-06-25 00:00:00,40.189968,-73.570971,0,6,1
38175,2019-09-08 17:10:44,30235268718158,fraud_Dare-Marvin,entertainment,206.04,M,West Harrison,NY,10604,41.0592,-73.7395,11250,Lexicographer,1977-08-16 00:00:00,41.997165,-72.825058,0,17,1
38244,2019-09-08 22:29:00,2288813824604479,fraud_Bernier and Sons,kids_pets,42.41,F,New York City,NY,10039,40.8265,-73.9383,1577385,Herbalist,1981-08-29 00:00:00,40.166723,-73.104541,0,22,1
38516,2019-09-10 12:16:57,2296006538441789,"fraud_Romaguera, Cruickshank and Greenholt",shopping_net,3.88,F,Brooklyn,NY,11217,40.6816,-73.9798,2504700,Medical sales representative,1999-09-01 00:00:00,40.804453,-74.56975,0,12,1
38637,2019-09-11 16:08:55,502012776709,fraud_Jacobi Inc,health_fitness,1.91,F,Garrattsville,NY,13342,42.6315,-75.1866,165,Naval architect,1945-09-20 00:00:00,41.967672,-75.984776,0,16,1
38938,2019-09-14 05:36:45,6523180720198790,fraud_Mraz-Herzog,gas_transport,66.02,M,Oakdale,NY,11769,40.7382,-73.1297,9506,"Biochemist, clinical",1953-04-13 00:00:00,40.878482,-73.287554,0,5,1
39175,2019-09-15 11:10:05,502012776709,fraud_Luettgen PLC,gas_transport,89.85,F,Garrattsville,NY,13342,42.6315,-75.1866,165,Naval architect,1945-09-20 00:00:00,42.29531,-75.037797,0,11,1
39413,2019-09-16 14:46:13,3567697931646329,fraud_Berge-Ullrich,home,41.22,M,Hudson,NY,12534,42.247,-73.7552,17867,Travel agency manager,1998-07-29 00:00:00,42.901811,-73.075685,0,14,1
39631,2019-09-18 12:17:17,3529597930342630,fraud_O'Connell-Ullrich,home,343.5,F,Jordanville,NY,13361,42.8948,-74.8209,824,Travel agency manager,1985-09-01 00:00:00,42.221957,-75.420967,0,12,1
39919,2019-09-20 23:33:22,375237305371366,fraud_Watsica LLC,personal_care,25.88,M,East Rochester,NY,14445,43.1128,-77.4906,8019,Retail buyer,1928-06-26 00:00:00,43.364477,-76.965627,0,23,1
40143,2019-09-22 07:11:03,4736845434667908128,fraud_Lebsack and Sons,misc_net,9.01,F,Altona,NY,12910,44.8816,-73.6408,2148,"Surveyor, land/geomatics",1953-05-23 00:00:00,44.944485,-72.677808,0,7,1
40317,2019-09-23 02:19:42,502012776709,fraud_Mraz-Herzog,gas_transport,42.53,F,Garrattsville,NY,13342,42.6315,-75.1866,165,Naval architect,1945-09-20 00:00:00,42.628873,-74.978516,0,2,1
40359,2019-09-23 08:18:08,213161293389774,fraud_Donnelly LLC,entertainment,3.27,F,West Henrietta,NY,14586,43.0397,-77.6871,10256,"Teacher, primary school",1968-06-24 00:00:00,42.909555,-77.260386,0,8,1
40596,2019-09-24 20:12:17,30235268718158,fraud_Botsford PLC,home,22.24,M,West Harrison,NY,10604,41.0592,-73.7395,11250,Lexicographer,1977-08-16 00:00:00,40.538411,-74.24785899999999,0,20,1
40861,2019-09-27 08:37:53,2269768987945882,fraud_Bins-Rice,gas_transport,82.45,F,Mount Morris,NY,14510,42.6835,-77.8664,4895,Acupuncturist,1958-10-29 00:00:00,41.697919,-78.793912,0,8,1
40982,2019-09-28 07:52:57,3523898249167098,fraud_Gutmann Ltd,grocery_net,33.3,M,Bronx,NY,10463,40.8798,-73.9067,1382480,"Therapist, drama",1990-11-09 00:00:00,39.93965,-73.676687,0,7,1
41212,2019-09-29 13:13:14,213125815021702,fraud_Bode-Rempel,kids_pets,83.63,M,Big Indian,NY,12410,42.074,-74.453,397,Psychiatrist,1931-09-12 00:00:00,41.380565,-73.90247099999999,0,13,1
41345,2019-09-30 02:50:40,3523898249167098,fraud_Kuhic Inc,grocery_pos,85.53,M,Bronx,NY,10463,40.8798,-73.9067,1382480,"Therapist, drama",1990-11-09 00:00:00,40.334306,-73.146378,0,2,1
41411,2019-09-30 12:42:09,5104807169438134,fraud_Feil-Morar,health_fitness,45.21,F,Westhampton Beach,NY,11978,40.8295,-72.6473,3255,Financial trader,1978-07-08 00:00:00,39.970051,-73.361855,0,12,1
41448,2019-09-30 16:08:04,4904681492230012,"fraud_Heathcote, Yost and Kertzmann",shopping_net,9.3,F,Cottekill,NY,12419,41.8467,-74.1038,722,Comptroller,1990-10-19 00:00:00,42.506873,-74.78582,0,16,1
41964,2019-10-04 18:28:42,4646845581490336108,fraud_Gottlieb Group,kids_pets,20.78,F,West Sayville,NY,11796,40.732,-73.1,4056,Film/video editor,1990-06-25 00:00:00,41.709587,-72.111476,0,18,1
42068,2019-10-05 12:00:48,36721445180895,fraud_Bednar Inc,travel,7.45,M,Jefferson,NY,12093,42.4999,-74.6117,1666,Diagnostic radiographer,1968-07-01 00:00:00,42.304253,-75.422895,0,12,1
42351,2019-10-06 19:54:22,3567879740649740,fraud_Bednar PLC,kids_pets,10.48,F,Brownville,NY,13615,44.0577,-76.0196,1271,"Producer, radio",1958-08-14 00:00:00,44.330397,-76.413638,0,19,1
42384,2019-10-07 00:34:58,6592861994408652,"fraud_Rutherford, Homenick and Bergstrom",grocery_net,72.71,F,Cowlesville,NY,14037,42.8112,-78.4481,1166,Colour technologist,1983-06-12 00:00:00,42.489249,-79.328653,0,0,1
42482,2019-10-07 14:41:11,3567697931646329,"fraud_Fadel, Mertz and Rippin",entertainment,5.85,M,Hudson,NY,12534,42.247,-73.7552,17867,Travel agency manager,1998-07-29 00:00:00,41.758831,-72.756825,0,14,1
42809,2019-10-10 11:31:48,4740713119940984,fraud_Bechtelar-Rippin,food_dining,21.29,F,Pomona,NY,10970,41.1901,-74.0436,9993,Pensions consultant,1962-10-16 00:00:00,41.980524,-74.942764,0,11,1
42822,2019-10-10 13:12:57,3567879740649740,fraud_Rau-Grant,kids_pets,24.5,F,Brownville,NY,13615,44.0577,-76.0196,1271,"Producer, radio",1958-08-14 00:00:00,43.178852,-75.658734,0,13,1
43387,2019-10-14 01:01:23,4988304376504,fraud_Kiehn Inc,grocery_pos,121.67,M,Rock Tavern,NY,12575,41.4575,-74.1659,2258,Building surveyor,1937-03-17 00:00:00,42.004256,-73.217946,0,1,1
44082,2019-10-19 10:32:56,3559160581764413,"fraud_Ferry, Lynch and Kautzer",misc_net,71.86,M,Saint Bonaventure,NY,14778,42.2701,-78.6847,1453,Toxicologist,1974-02-15 00:00:00,41.289515,-79.510928,0,10,1
44193,2019-10-19 22:38:04,675909898057,"fraud_Jones, Sawayn and Romaguera",misc_net,799.67,M,Armonk,NY,10504,41.136,-73.7009,7987,Television/film/video producer,1964-03-16 00:00:00,41.031303,-72.71208399999999,1,22,1
44504,2019-10-21 16:41:38,36360452125889,fraud_Renner Ltd,home,22.91,M,West Chazy,NY,12992,44.797,-73.5112,4778,Engineering geologist,1954-06-14 00:00:00,45.485849,-73.658016,0,16,1
44634,2019-10-22 17:21:29,639023984367,fraud_Pollich LLC,home,10.76,F,Hannawa Falls,NY,13647,44.6087,-74.9732,69,Chief Executive Officer,1991-06-05 00:00:00,44.521252,-75.828959,0,17,1
44641,2019-10-22 17:56:10,30235268718158,"fraud_Moore, Williamson and Emmerich",home,137.58,M,West Harrison,NY,10604,41.0592,-73.7395,11250,Lexicographer,1977-08-16 00:00:00,41.918586,-74.140002,0,17,1
44724,2019-10-23 13:59:10,30029052116970,fraud_Bernhard-Lesch,food_dining,45.94,M,Falconer,NY,14733,42.1239,-79.1895,3833,Metallurgist,1970-10-09 00:00:00,42.551804,-79.61649,0,13,1
44803,2019-10-24 05:28:56,3559679414981506,fraud_Dickinson-Rempel,misc_pos,6.06,F,Lowville,NY,13367,43.7893,-75.4156,8830,Theme park manager,1991-03-29 00:00:00,43.215541,-74.489752,0,5,1
44924,2019-10-25 02:48:37,30404291151692,"fraud_Towne, Walker and Borer",grocery_net,58.77,F,North Tonawanda,NY,14120,43.0498,-78.851,45100,Ambulance person,1993-10-25 00:00:00,42.629523,-79.565128,0,2,1
44943,2019-10-25 07:20:44,342319985983023,fraud_Hackett-Lueilwitz,grocery_pos,102.1,M,Margaretville,NY,12455,42.1852,-74.6178,1988,Environmental health practitioner,1978-05-23 00:00:00,41.885158,-74.97852900000001,0,7,1
45002,2019-10-25 17:06:55,675909898057,fraud_Ernser-Feest,home,21.91,M,Armonk,NY,10504,41.136,-73.7009,7987,Television/film/video producer,1964-03-16 00:00:00,40.827632,-73.298811,0,17,1
45095,2019-10-26 08:54:24,3561963695236764,fraud_Torp-Lemke,misc_pos,33.95,M,Shelter Island,NY,11964,41.06399999999999,-72.3366,1858,Clinical biochemist,1984-03-03 00:00:00,40.764701,-72.689465,0,8,1
45130,2019-10-26 14:14:40,4646845581490336108,"fraud_Koss, Hansen and Lueilwitz",home,139.5,F,West Sayville,NY,11796,40.732,-73.1,4056,Film/video editor,1990-06-25 00:00:00,41.089959,-73.618997,0,14,1
45186,2019-10-26 20:13:09,4342532437704183,"fraud_Douglas, Schneider and Turner",shopping_pos,6.68,M,Newark Valley,NY,13811,42.2281,-76.1625,4354,Further education lecturer,1994-02-16 00:00:00,41.614704,-76.456815,0,20,1
45744,2019-10-30 08:38:14,4736845434667908128,"fraud_Reichert, Huels and Hoppe",shopping_net,1.4,F,Altona,NY,12910,44.8816,-73.6408,2148,"Surveyor, land/geomatics",1953-05-23 00:00:00,45.557471,-73.08290500000001,0,8,1
45769,2019-10-30 15:12:39,4859525594182537,fraud_Williamson LLC,misc_pos,2.62,F,Downsville,NY,13755,42.0716,-75.0152,1228,"Psychotherapist, child",1990-02-25 00:00:00,42.182512,-74.54307,0,15,1
45863,2019-10-31 12:14:03,30042378430132,fraud_Goyette Inc,shopping_net,2.62,M,Northport,NY,11768,40.9051,-73.3309,21902,Tour manager,1976-05-16 00:00:00,41.833173,-73.892121,0,12,1
46115,2019-11-02 06:33:19,38797410705641,"fraud_Mosciski, Gislason and Mertz",grocery_pos,93.2,M,Oak Hill,NY,12460,42.4069,-74.1528,277,Glass blower/designer,1971-12-12 00:00:00,42.856935,-75.123199,0,6,1
46286,2019-11-03 02:26:33,213161293389774,fraud_Kutch LLC,gas_transport,73.8,F,West Henrietta,NY,14586,43.0397,-77.6871,10256,"Teacher, primary school",1968-06-24 00:00:00,42.812246,-78.37444599999999,0,2,1
46604,2019-11-04 19:35:46,180017442990269,"fraud_Walter, Hettinger and Kessler",personal_care,24.91,F,Albany,NY,12222,42.6853,-73.8253,151022,"Designer, textile",1939-06-01 00:00:00,41.716243,-74.20943,0,19,1
46727,2019-11-05 21:58:17,38797410705641,fraud_Jewess LLC,shopping_pos,121.45,M,Oak Hill,NY,12460,42.4069,-74.1528,277,Glass blower/designer,1971-12-12 00:00:00,42.636804,-74.684107,0,21,1
47294,2019-11-10 00:59:24,372382441451095,"fraud_Lind, Huel and McClure",gas_transport,44.52,M,Port Ewen,NY,12466,41.8948,-73.9767,2471,Heritage manager,1966-01-21 00:00:00,41.118319,-73.445752,0,0,1
47572,2019-11-11 17:48:10,4904681492230012,fraud_Hickle Group,shopping_pos,3.07,F,Cottekill,NY,12419,41.8467,-74.1038,722,Comptroller,1990-10-19 00:00:00,42.077714,-74.716891,0,17,1
48120,2019-11-16 12:01:29,342360239917375,fraud_Lind-Buckridge,entertainment,41.9,F,Howes Cave,NY,12092,42.7045,-74.3648,1304,Jewellery designer,1970-06-09 00:00:00,42.371132,-74.583334,0,12,1
48250,2019-11-17 07:55:12,4988304376504,fraud_Parisian and Sons,gas_transport,65.65,M,Rock Tavern,NY,12575,41.4575,-74.1659,2258,Building surveyor,1937-03-17 00:00:00,40.657884,-74.22245699999999,0,7,1
48359,2019-11-17 21:01:10,36721445180895,fraud_Hackett Group,travel,6.93,M,Jefferson,NY,12093,42.4999,-74.6117,1666,Diagnostic radiographer,1968-07-01 00:00:00,41.643826,-75.527046,0,21,1
48570,2019-11-18 21:07:14,36360452125889,"fraud_Prosacco, Kreiger and Kovacek",home,3.44,M,West Chazy,NY,12992,44.797,-73.5112,4778,Engineering geologist,1954-06-14 00:00:00,43.807914,-73.111028,0,21,1
48606,2019-11-19 02:26:54,580954173374,fraud_Sporer Inc,gas_transport,53.16,F,Montrose,NY,10548,41.2496,-73.9446,3487,Race relations officer,1960-01-13 00:00:00,40.366309,-74.411451,0,2,1
49034,2019-11-22 18:06:13,4904681492230012,fraud_Turner and Sons,shopping_pos,45.14,F,Cottekill,NY,12419,41.8467,-74.1038,722,Comptroller,1990-10-19 00:00:00,41.526429,-74.72296700000001,0,18,1
49625,2019-11-25 23:09:59,3551217896304745,fraud_Volkman PLC,food_dining,43.6,F,Tupper Lake,NY,12986,44.232,-74.4905,6120,Chartered loss adjuster,1976-10-09 00:00:00,43.580454,-74.334119,0,23,1
